use OCO;

DELETE FROM OCO50200;
DELETE FROM OCO20101;
DELETE FROM OCO50100;
DELETE FROM OCO10100;
DELETE FROM OCO40100;
DELETE FROM OCO40110;
DELETE FROM OCO40111;

ALTER TABLE OCO40100 AUTO_INCREMENT = 1;
ALTER TABLE OCO40110 AUTO_INCREMENT = 1;
ALTER TABLE OCO40111 AUTO_INCREMENT = 1;

INSERT INTO OCO50200 (
    DEPTCD, LAST_CHNGR_ID, LAST_CHNG_DTMD, MGMT_DEPTCD, DEPT_NM, ENGSH_DEPT_NM,
    ENGSH_DEPT_ABBR_NM, BSSMACD, SUPER_DEPTCD, DEPT_GRADE_CD, DEPT_CRAT_DT,
    DEPT_ABOL_DT, FEMP_DEPTCD, WHTAX_BZPL_CD, SALS_DEPTCD, INV_DEPTCD,
    INVNT_WRHUS_CD, VAT_BZPL_CD, ZIPCD, BASIC_ADDR, DETIL_ADDR, EXTSN_NO,
    PHNO, FAX_NO, BZNO, BZMAN_ACQ_DT, TXOFC_CD, TXOFC_NM, COM_BSCND_NM,
    COM_ITM_NM, COM_CORP_NM, USE_YN, CCNTR_CD, RPRTT_NM
) VALUES
('D001', 'system', NOW(), 'D000', 'Tech Support', 'Tech Support', 'TS', '01', null, '1', '20230414',
 '20230414', 'F001', '001', 'S001', 'INV001', 'WH001', 'VAT001', '100000', '123 Tech St', '456 Details Ave',
 '0010', '123-456-7890', '123-456-7891', '1234567890', '20230414', 'TX1', 'Tech Office', 'Tech Company',
 'Item A', 'Corp A', 'Y', 'CN001', 'Report A'),
('D002', 'system', NOW(), 'D000', 'Sales Team', 'Sales Team', 'ST', '02', 'D001', '2', '20230414',
 '20230414', 'F002', '002', 'S002', 'INV002', 'WH002', 'VAT002', '200000', '789 Sales Rd', '101 Details St',
 '0011', '234-567-8901', '234-567-8902', '2345678901', '20230414', 'TX2', 'Sales Office', 'Sales Company',
 'Item B', 'Corp B', 'Y', 'CN002', 'Report B'),
('D003', 'system', NOW(), 'D000', 'R&D', 'Research and Development', 'RD', '03', 'D002', '3', '20230414',
 '20230414', 'F003', '003', 'S003', 'INV003', 'WH003', 'VAT003', '300000', '456 Research Ave', '789 Details Blvd',
 '0012', '345-678-9012', '345-678-9013', '3456789012', '20230414', 'TX3', 'R&D Office', 'R&D Company',
 'Item C', 'Corp C', 'Y', 'CN003', 'Report C');

INSERT INTO OCO20101 (
    CMMN_CD, CMMN_CD_VAL, CMMN_CD_VAL_NM, SORT_SEQN, LAST_CHNGR_ID, LAST_CHNG_DTMD
) VALUES
('USERID_STS_CD', 'O0', 'Active', 1, 'system', NOW()),
('USERID_STS_CD1', '00', 'Locked', 2, 'system', NOW()),
('REOFO_CD', '00', 'Manager', 1, 'system', NOW()),
('REOFO_CD1', '00', 'Engineer', 2, 'system', NOW());

INSERT INTO OCO50100 (
  EMPNO, LAST_CHNGR_ID, EMP_KRN_NM, EMP_ENGLNM, EMP_ENGFNM,
  DEPTCD, BTHDY, OWHM_PHNO, MPHNO,
  GROUP_ENTCP_DT, TCOM_ENTCP_DT, CURTP_OFORD_DT, CURTP_OFORD_CD,
  RESG_DT, COM_CL_CD, CLOFP_CD, REOFO_CD, JGP_CD, VCTN_CD,
  TEAMBR_CL_CD, CLOFP_NM, JGP_NM, VCTN_NM,
  EMAILADDR, BEFO_EMPNO
)
VALUES (
  'E100001', 'SYSTEM', 'Kim Minsoo', 'Kim', 'Minsoo',
  'D002', '19900101', '010-1111-2222', '010-2222-3333',
  '20150101', '20150101', '20220101', '001',
  NULL, 'A', '001', '200', 'B', '003',
  'A01', 'Manager', 'Engineering', 'Frontend',
  'minsoo.kim@example.com', NULL
);

INSERT INTO OCO50100 (
    EMPNO, EMP_KRN_NM, EMP_ENGLNM, EMP_ENGFNM, DEPTCD, CLOFP_NM, VCTN_NM,
    LAST_CHNGR_ID, LAST_CHNG_DTMD, OWHM_PHNO, GROUP_ENTCP_DT, TCOM_ENTCP_DT,
    CURTP_OFORD_DT, CURTP_OFORD_CD, COM_CL_CD, CLOFP_CD, REOFO_CD, JGP_CD,
    VCTN_CD, TEAMBR_CL_CD, JGP_NM, EMAILADDR, MPHNO, RESG_DT
) VALUES
(
    'E0003', 'John', 'Smith T', 'John T', 'D003', 'Senior', 'IT',
    'system', NOW(), '123-456-7890', '20240414', '20240415',
    '20240416', 'C01', 'A', 'B01', '112', 'R', 'J',
    'V01', 'T01', 'J', '123-456-7890', NULL
),
(
    'E0001', 'John Smith', 'Smith', 'John', 'D001', 'Senior', 'IT',
    'system', NOW(), '123-456-7890', '20240414', '20240415',
    '20240416', 'C01', 'A', 'B01', '116', 'R', 'J',
    'V01', 'T01', 'J', '123-456-7890', NULL
),
(
    'E0002', 'Alice Brown', 'Brown', 'Alice', 'D002', 'Manager', 'Sales',
    'system', NOW(), '234-567-8901', '20240414', '20240415',
    '20240418', 'C02', 'B', 'B02', '200', 'R', 'J',
    'V02', 'T02', 'J', '123-456-7899', NULL
);

INSERT INTO OCO10100 (
    USERID, USER_NM, CONN_PSSWD, PSSWD_EXPIR_DT, USER_CONT_PHNO, USER_EMAILADDR,
    DEPTCD, REOFO_CD, VCTN_CD, USER_GROUP_CD, INNER_USER_CL_CD, USER_IDENT_NO,
    FST_REG_DTMD, PSSWD_ERR_FRQY, USERID_STS_CD, USER_IPADDR,
    LAST_CHNGR_ID, LAST_CHNG_DTMD
) VALUES
('SYSTEM', 'JohnS', 'pass123!@#', '20250601', '01012345678', 'john@example.com', 'D001', '001', '001', 'A', '1', 'E0001', NOW(), 0, 'O', '192.168.0.1', 'system', NOW()),
('SYSTEM1', 'AliceB', 'pass456!@#', '20250601', '01087654321', 'alice@example.com', 'D002', '002', '002', 'A', '1', 'E0002', NOW(), 0, 'O', '192.168.0.2', 'system', NOW()),
('SYSTEM2', 'BobK', 'pass789!@#', '20250601', '01011112222', 'bob@example.com', 'D001', '001', '001', 'A', '2', NULL, NOW(), 1, 'L', '192.168.0.3', 'system', NOW()),
('SYSTEM3', 'CarolM', 'carolPass!@#', '20250601', '01033334444', 'carol@example.com', 'D003', '002', '002', 'B', '3', NULL, NOW(), 2, 'O', '192.168.0.4', 'system', NOW()),
('SYSTEM4', 'DavidL', 'davidPass!@#', '20250601', '01055556666', 'david@example.com', 'D004', '001', '001', 'C', '9', NULL, NOW(), 5, 'O', '192.168.0.5', 'system', NOW()),
('SYSTEM5', 'CarolM', 'carolPass!@#', '20250601', '01033334444', 'carol@example.com', 'D003', '002', '002', 'B', '3', NULL, NOW(), 2, 'D', '192.168.0.4', 'system', NOW());

INSERT INTO OCO40100 (LAST_CHNGR_ID, LAST_CHNG_DTMD, APRO_TYPE_CL_CD, APRO_TASK_CL_CD, APRO_GROUP_CL_NM, APRO_GROUP_DESC)
VALUES ('SYSTEM', '2025-05-13 15:20:00', 'A', 'COM', 'Transaction Group', 'Groups APIs related to core transactions.');

INSERT INTO OCO40100 (LAST_CHNGR_ID, LAST_CHNG_DTMD, APRO_TYPE_CL_CD, APRO_TASK_CL_CD, APRO_GROUP_CL_NM, APRO_GROUP_DESC)
VALUES ('SYSTEM', '2025-05-13 15:22:30', 'R', 'ANL', 'Reporting Group', 'Groups APIs used for generating reports and analytics.');

INSERT INTO OCO40100 (LAST_CHNGR_ID, LAST_CHNG_DTMD, APRO_TYPE_CL_CD, APRO_TASK_CL_CD, APRO_GROUP_CL_NM, APRO_GROUP_DESC)
VALUES ('SYSTEM', '2025-05-13 15:25:00', 'B', 'CSV', 'Data Import Group', 'Groups APIs for importing data from CSV files.');

INSERT INTO OCO40100 (LAST_CHNGR_ID, LAST_CHNG_DTMD, APRO_TYPE_CL_CD, APRO_TASK_CL_CD, APRO_GROUP_CL_NM, APRO_GROUP_DESC)
VALUES ('SYSTEM', '2025-05-13 15:27:30', 'I', 'ISC', 'Integration Group', 'Groups APIs for communicating with external integration services.');

INSERT INTO OCO40100 (LAST_CHNGR_ID, LAST_CHNG_DTMD, APRO_TYPE_CL_CD, APRO_TASK_CL_CD, APRO_GROUP_CL_NM, APRO_GROUP_DESC)
VALUES ('SYSTEM1', '2025-05-13 15:30:00', 'A', 'COM', 'User Management Group', 'Groups APIs related to managing user accounts.');

INSERT INTO OCO40100 (LAST_CHNGR_ID, LAST_CHNG_DTMD, APRO_TYPE_CL_CD, APRO_TASK_CL_CD, APRO_GROUP_CL_NM, APRO_GROUP_DESC)
VALUES ('SYSTEM1', '2025-05-13 15:32:30', 'R', 'ANL', 'Dashboard APIs', 'Groups APIs for fetching data for dashboards.');

INSERT INTO OCO40110 (LAST_CHNGR_ID, LAST_CHNG_DTMD, APRO_GROUP_ID, API_NM, API_DESC, API_LOC_URLADDR, HTT_METHOD_VAL, API_REQ_CNTNT, API_RESP_CNTNT, USE_YN)
VALUES ('SYSTEM', '2025-05-13 14:10:00', 1, 'Create Order', 'API to create a new order.', '/api/order', 'POST', '{"customerId": "...", "items": [...]}', '{"orderId": "...", "status": "..."}', 'Y');

INSERT INTO OCO40110 (LAST_CHNGR_ID, LAST_CHNG_DTMD, APRO_GROUP_ID, API_NM, API_DESC, API_LOC_URLADDR, HTT_METHOD_VAL, API_REQ_CNTNT, API_RESP_CNTNT, USE_YN)
VALUES ('SYSTEM', '2025-05-13 14:15:30', 2, 'Get Sales Report', 'API to retrieve the latest sales report.', '/api/report/sales', 'GET', '{"fromDate": "YYYY-MM-DD", "toDate": "YYYY-MM-DD"}', '[{"date": "...", "revenue": ...}, ...]', 'Y');

INSERT INTO OCO40110 (LAST_CHNGR_ID, LAST_CHNG_DTMD, APRO_GROUP_ID, API_NM, API_DESC, API_LOC_URLADDR, HTT_METHOD_VAL, API_REQ_CNTNT, API_RESP_CNTNT, USE_YN)
VALUES ('SYSTEM', '2025-05-12 17:00:00', 1, 'Update User Status', 'API to update the status of a user.', '/api/user/{userId}/status', 'PUT', '{"status": "ACTIVE" | "INACTIVE"}', '{"userId": "...", "newStatus": "..."}', 'Y');

INSERT INTO OCO40110 (LAST_CHNGR_ID, LAST_CHNG_DTMD, APRO_GROUP_ID, API_NM, API_DESC, API_LOC_URLADDR, HTT_METHOD_VAL, API_REQ_CNTNT, API_RESP_CNTNT, USE_YN)
VALUES ('SYSTEM1', '2025-05-11 09:30:00', 4, 'Process Daily Data', 'API to trigger the daily data processing job.', '/api/batch/processDailyData', 'POST', '{}', '{"status": "STARTED", "jobId": "..."}', 'Y');

INSERT INTO OCO40110 (LAST_CHNGR_ID, LAST_CHNG_DTMD, APRO_GROUP_ID, API_NM, API_DESC, API_LOC_URLADDR, HTT_METHOD_VAL, API_REQ_CNTNT, API_RESP_CNTNT, USE_YN)
VALUES ('SYSTEM', '2025-05-13 14:20:45', 1, 'Authenticate User', 'API to authenticate a user and obtain a token.', '/api/auth/login', 'POST', '{"username": "...", "password": "..."}', '{"token": "...", "expiry": "..."}', 'Y');

INSERT INTO OCO40110 (LAST_CHNGR_ID, LAST_CHNG_DTMD, APRO_GROUP_ID, API_NM, API_DESC, API_LOC_URLADDR, HTT_METHOD_VAL, API_REQ_CNTNT, API_RESP_CNTNT, USE_YN)
VALUES ('SYSTEM', '2025-05-10 11:30:10', 1, 'Convert Currency', 'API to convert an amount from one currency to another.', '/api/util/currency/convert', 'GET', '{"from": "USD", "to": "EUR", "amount": 100}', '{"convertedAmount": 92.50, "rate": 0.925}', 'Y');

INSERT INTO OCO40110 (LAST_CHNGR_ID, LAST_CHNG_DTMD, APRO_GROUP_ID, API_NM, API_DESC, API_LOC_URLADDR, HTT_METHOD_VAL, API_REQ_CNTNT, API_RESP_CNTNT, USE_YN)
VALUES ('SYSTEM', '2025-05-13 14:12:00', 1, 'Get Order Details', 'API to retrieve details of a specific order.', '/api/order/{orderId}', 'GET', '{}', '{"orderId": "...", "items": [...], "total": ...}', 'Y');

INSERT INTO OCO40111 (API_EXECT_START_DTMT, LAST_CHNGR_ID, API_ID) VALUES
('2022-07-15 10:30:00', 'SYSTEM', 1);

INSERT INTO OCO40111 (API_EXECT_START_DTMT, LAST_CHNGR_ID, API_ID, API_RESP_TIME, API_RESP_STS_VAL, ERR_CNTNT) VALUES
('2022-11-20 15:45:00', 'SYSTEM', 1, 600, 503, 'Timeout error when calling service B');

INSERT INTO OCO40111 (API_EXECT_START_DTMT, LAST_CHNGR_ID, API_ID, API_RESP_TIME, API_RESP_STS_VAL) VALUES
('2023-03-01 09:00:00', 'SYSTEM', 1, 120, 200);

INSERT INTO OCO40111 (API_EXECT_START_DTMT, LAST_CHNGR_ID, API_ID, API_RESP_TIME, API_RESP_STS_VAL, ERR_CNTNT, API_EXECT_USERID) VALUES
('2023-09-10 18:20:00', 'SYSTEM', 2, 450, 400, 'Invalid input parameters', 'USER007');

INSERT INTO OCO40111 (API_EXECT_START_DTMT, LAST_CHNGR_ID, API_ID, API_RESP_TIME) VALUES
('2024-01-05 11:15:00', 'SYSTEM', 2, 80);

INSERT INTO OCO40111 (API_EXECT_START_DTMT, LAST_CHNGR_ID, API_ID, API_RESP_TIME, API_RESP_STS_VAL, ERR_CNTNT, CONN_IPADDR) VALUES
('2024-06-22 14:00:00', 'SYSTEM', 2, 700, 504, 'Database error', '192.168.1.15');

INSERT INTO OCO40111 (API_EXECT_START_DTMT, LAST_CHNGR_ID, API_ID, API_RESP_TIME, API_RESP_STS_VAL, API_EXECT_USERID, CONN_IPADDR) VALUES
('2025-05-13 12:10:00', 'SYSTEM1', 2, 200, 200, 'AGENT02', '203.0.113.50');

INSERT INTO OCO40111 (API_EXECT_START_DTMT, LAST_CHNGR_ID, API_ID, API_RESP_TIME, ERR_CNTNT) VALUES
('2025-05-13 12:20:00', 'SYSTEM', 1, 550, 'Business logic processing error');

INSERT INTO OCO40111 (API_EXECT_START_DTMT, LAST_CHNGR_ID, API_ID) VALUES
('2023-12-28 16:30:00', 'c', 1);

INSERT INTO OCO40111 (API_EXECT_START_DTMT, LAST_CHNGR_ID, API_ID, ERR_CNTNT) VALUES
('2024-09-03 08:45:00', 'SYSTEM', 1, 'Unknown error');

update OCO40110 set apro_group_id = (select (apro_group_id) from OCO40100 limit 1);
update OCO40111 set api_id = (select (API_ID) from OCO40110 limit 1);
update OCO40111 set API_EXECT_USERID = 'SYSTEM';

-- Sample data for table OCO10240
INSERT INTO OCO10240 (LINKA_SYSTM_NM, LAST_CHNGR_ID, LAST_CHNG_DTMD, FST_REGR_ID, FST_REG_DTMD, CONN_PSBTY_YN)
VALUES ('PAY_EXT_A', 'SYSTEM', '2025-05-14 09:35:00', 'SYSTEM', '2025-05-14 09:35:00', 'N');

INSERT INTO OCO10240 (LINKA_SYSTM_NM, LAST_CHNGR_ID, LAST_CHNG_DTMD, FST_REGR_ID, FST_REG_DTMD, CONN_PSBTY_YN)
VALUES ('REPORT_OLD', 'SYSTEM', '2025-05-14 09:37:30', 'SYSTEM', '2025-05-14 09:37:30', 'N');

INSERT INTO OCO10240 (LINKA_SYSTM_NM, LAST_CHNGR_ID, LAST_CHNG_DTMD, FST_REGR_ID, FST_REG_DTMD, CONN_PSBTY_YN)
VALUES ('REPORT_OLD', 'SYSTEM1', '2025-05-14 09:40:00', 'SYSTEM1', '2025-05-14 09:40:00', 'N');

INSERT INTO OCO10240 (LINKA_SYSTM_NM, LAST_CHNGR_ID, LAST_CHNG_DTMD, FST_REGR_ID, FST_REG_DTMD, CONN_PSBTY_YN)
VALUES ('PAY_EXT_A', 'SYSTEM', '2025-05-14 09:42:30', 'SYSTEM', '2025-05-14 09:42:30', 'N');

INSERT INTO OCO10240 (LINKA_SYSTM_NM, LAST_CHNGR_ID, LAST_CHNG_DTMD, FST_REGR_ID, FST_REG_DTMD, CONN_PSBTY_YN)
VALUES ('PAY_EXT_A', 'SYSTEM1', '2025-05-14 09:45:00', 'SYSTEM1', '2025-05-14 09:45:00', 'Y');

INSERT INTO OCO10240 (LINKA_SYSTM_NM, LAST_CHNGR_ID, LAST_CHNG_DTMD, FST_REGR_ID, FST_REG_DTMD, CONN_PSBTY_YN)
VALUES ('REPORT_OLD', 'SYSTEM', '2025-05-14 09:47:30', 'SYSTEM', '2025-05-14 09:47:30', 'Y');

INSERT INTO OCO.OCO10195 (SUMR_DT, MENU_ID, CONN_QTY, LAST_MODIFIED_BY) VALUES
('20250513', 'COM-01-05-00', 150, 'SYSTEM'),
('20250513', 'COM-01-05-01', 210, 'SYSTEM'),
('20250513', 'COM-01-05-02', 95, 'SYSTEM'),
('20250514', 'COM-01-05-00', 180, 'SYSTEM'),
('20250514', 'COM-01-05-01', 250, 'SYSTEM'),
('20250514', 'COM-01-05-02', 120, 'SYSTEM'),
('20250512', 'COM-01-05-00', 120, 'SYSTEM'),
('20250512', 'COM-01-05-01', 100, 'SYSTEM');

-- Sample data for OCO.OCO40112

-- Record 1: API ID 100, executed on 2025-05-13, 15 times
INSERT INTO OCO.OCO40112 (API_EXECT_DT, API_ID, LAST_CHNGR_ID, LAST_CHNG_DTMD, API_EXECT_CCNT)
VALUES ('20250513', 1, 'SYSTEM', NOW(), 15);

-- Record 2: API ID 101, executed on 2025-05-13, 22 times
INSERT INTO OCO.OCO40112 (API_EXECT_DT, API_ID, LAST_CHNGR_ID, LAST_CHNG_DTMD, API_EXECT_CCNT)
VALUES ('20250513', 2, 'SYSTEM', NOW(), 22);

-- Record 3: API ID 100, executed on 2025-05-14, 30 times
INSERT INTO OCO.OCO40112 (API_EXECT_DT, API_ID, LAST_CHNGR_ID, LAST_CHNG_DTMD, API_EXECT_CCNT)
VALUES ('20250514', 3, 'SYSTEM', NOW(), 30);

-- Record 4: API ID 102, executed on 2025-05-14, 10 times
INSERT INTO OCO.OCO40112 (API_EXECT_DT, API_ID, LAST_CHNGR_ID, LAST_CHNG_DTMD, API_EXECT_CCNT)
VALUES ('20250514', 4, 'SYSTEM', NOW(), 10);

-- Record 5: API ID 101, executed on 2025-05-15, 18 times
INSERT INTO OCO.OCO40112 (API_EXECT_DT, API_ID, LAST_CHNGR_ID, LAST_CHNG_DTMD, API_EXECT_CCNT)
VALUES ('20250515', 5, 'SYSTEM', NOW(), 18);

-- Record 6: API ID 103, executed on 2025-05-15, 5 times
INSERT INTO OCO.OCO40112 (API_EXECT_DT, API_ID, LAST_CHNGR_ID, LAST_CHNG_DTMD, API_EXECT_CCNT)
VALUES ('20250515', 6, 'SYSTEM', NOW(), 5);

INSERT INTO OCO.OCO40112 (API_EXECT_DT, API_ID, LAST_CHNGR_ID, LAST_CHNG_DTMD, API_EXECT_CCNT)
VALUES ('20250515', 7, 'SYSTEM', NOW(), 5);

INSERT INTO OCO50300 (BSSMACD, LAST_CHNGR_ID, LAST_CHNG_DTMD, BSS_HQ_NM, USE_YN) VALUES
('A1', 'SYSTEM', NOW(), 'Alpha Headquarters', 'Y'),
('B2', 'SYSTEM', NOW(), 'Beta Headquarters', 'Y'),
('C3', 'SYSTEM', NOW(), 'Gamma Branch Office', 'N'),
('D4', 'SYSTEM', NOW(), 'Delta Main Office', 'Y'),
('E5', 'SYSTEM', NOW(), 'Epsilon Operations', 'N');
